{
    "dataset": "/home/najo/NAS/DIP/DINObotPose/DREAM/data/real/panda-3cam_azure",
    "model": "/home/najo/NAS/DIP/DINObotPose/TRAIN/outputs/dinov2_base_multi_robot_20260211_100644/best_model.pth",
    "num_frames": 6394,
    "keypoint_metrics": {
        "num_gt_inframe": 44121.0,
        "num_found_gt_inframe": 44121.0,
        "l2_error_mean_px": 1.8031373023986816,
        "l2_error_median_px": 1.2530791759490967,
        "l2_error_std_px": 3.3308732509613037,
        "l2_error_auc": 0.9119946284082411,
        "l2_error_auc_thresh_px": 20.0
    },
    "pnp_metrics": {
        "num_pnp_found": 6394.0,
        "num_pnp_not_found": 0.0,
        "num_pnp_possible": 6394.0,
        "add_mean": 0.019807211860770106,
        "add_median": 0.005388406819115959,
        "add_std": 0.07273639648912932,
        "add_auc": 0.896896926806381,
        "add_auc_thresh": 0.1
    }
}